[
    {
      "id": 1,
      "title": "The Shawshank Redemption",
      "year": 1994,
      "genre": ["Drama"],
      "rating": 9.3,
      "director": "Frank Darabont",
      "cast": ["Tim Robbins", "Morgan Freeman"],
      "plot": "Two imprisoned men bond over several years...",
      "poster": "https://encrypted-tbn0.gstatic.com/images?q=tbn:ANd9GcTK5oZvSJjZwJvzMYX80Us03adTHesI-f3bIw&s",
      "runtime": 142
    },
    {
      "id": 2,
      "title": "Inception",
      "year": 2010,
      "genre": ["Action", "Sci-Fi"],
      "rating": 8.8,
      "director": "Christopher Nolan",
      "cast": ["Leonardo DiCaprio", "Joseph Gordon-Levitt"],
      "plot": "A thief who steals corporate secrets...",
      "poster": "https://www.tallengestore.com/cdn/shop/products/Inception-LeonardoDiCaprio-ChristopherNolan-HollywoodSciFiMovieCustomPoster.jpg?v=1685581958",
      "runtime": 148
    },
    {
      "id": 3,
      "title": "The Dark Knight",
      "year": 2008,
      "genre": ["Action", "Crime", "Drama"],
      "rating": 9.0,
      "director": "Christopher Nolan",
      "cast": ["Christian Bale", "Heath Ledger"],
      "plot": "When the menace known as the Joker emerges...",
      "poster": "https://m.media-amazon.com/images/I/51K8ouYrHeL._AC_.jpg",
      "runtime": 152
    },
    {
      "id": 4,
      "title": "Forrest Gump",
      "year": 1994,
      "genre": ["Drama", "Romance"],
      "rating": 8.8,
      "director": "Robert Zemeckis",
      "cast": ["Tom Hanks", "Robin Wright"],
      "plot": "The presidencies of Kennedy and Johnson...",
      "poster": "https://i5.walmartimages.com/seo/Forrest-Gump-1994-Widescreen-Special-Collector-s-Edition-DVD-Box-Set_3f9a4a1b-34f8-4b8d-be83-9def891b8cad.61d130d6089df6221cc3fb1b7a9b86dd.jpeg",
      "runtime": 142
    },
    {
      "id": 5,
      "title": "Interstellar",
      "year": 2014,
      "genre": ["Adventure", "Drama", "Sci-Fi"],
      "rating": 8.6,
      "director": "Christopher Nolan",
      "cast": ["Matthew McConaughey", "Anne Hathaway"],
      "plot": "A team of explorers travel through a wormhole...",
      "poster": "https://m.media-amazon.com/images/I/71niXI3lxlL._AC_SY679_.jpg",
      "runtime": 169
    },
    {
      "id": 6,
      "title": "The Godfather",
      "year": 1972,
      "genre": ["Crime", "Drama"],
      "rating": 9.2,
      "director": "Francis Ford Coppola",
      "cast": ["Marlon Brando", "Al Pacino"],
      "plot": "The aging patriarch of an organized crime dynasty...",
      "poster": "https://encrypted-tbn0.gstatic.com/images?q=tbn:ANd9GcQ605juns5kJNL9zVeaGIdFo76crp-eVNmqzQ&s",
      "runtime": 175
    },
    {
      "id": 7,
      "title": "Fight Club",
      "year": 1999,
      "genre": ["Drama"],
      "rating": 8.8,
      "director": "David Fincher",
      "cast": ["Brad Pitt", "Edward Norton"],
      "plot": "An insomniac office worker forms an underground fight club...",
      "poster": "https://c8.alamy.com/comp/2JH2N1E/pittposter-fight-club-1999-2JH2N1E.jpg",
      "runtime": 139
    },
    {
      "id": 8,
      "title": "Pulp Fiction",
      "year": 1994,
      "genre": ["Crime", "Drama"],
      "rating": 8.9,
      "director": "Quentin Tarantino",
      "cast": ["John Travolta", "Uma Thurman"],
      "plot": "The lives of two mob hitmen, a boxer, and others intertwine...",
      "poster": "https://m.media-amazon.com/images/I/71c05lTE03L._AC_SY679_.jpg",
      "runtime": 154
    },
    {
      "id": 9,
      "title": "The Matrix",
      "year": 1999,
      "genre": ["Action", "Sci-Fi"],
      "rating": 8.7,
      "director": "The Wachowskis",
      "cast": ["Keanu Reeves", "Laurence Fishburne"],
      "plot": "A computer hacker learns about the true nature of his reality...",
      "poster": "https://m.media-amazon.com/images/I/51vpnbwFHrL._AC_.jpg",
      "runtime": 136
    },
    {
      "id": 10,
      "title": "Gladiator",
      "year": 2000,
      "genre": ["Action", "Drama"],
      "rating": 8.5,
      "director": "Ridley Scott",
      "cast": ["Russell Crowe", "Joaquin Phoenix"],
      "plot": "A former Roman General sets out to exact vengeance...",
      "poster": "https://m.media-amazon.com/images/I/71TlwWz8DFL._AC_UF1000,1000_QL80_.jpg",
      "runtime": 155
    },
    {
      "id": 11,
      "title": "The Green Mile",
      "year": 1999,
      "genre": ["Crime", "Drama", "Fantasy"],
      "rating": 8.6,
      "director": "Frank Darabont",
      "cast": ["Tom Hanks", "Michael Clarke Duncan"],
      "plot": "The lives of guards on Death Row are affected by one of their charges...",
      "poster": "https://encrypted-tbn0.gstatic.com/images?q=tbn:ANd9GcTAsI9-fO-NPmun5poU_prNnpHDOFUO2lfPUg&s",
      "runtime": 189
    },
    {
      "id": 12,
      "title": "Saving Private Ryan",
      "year": 1998,
      "genre": ["Drama", "War"],
      "rating": 8.6,
      "director": "Steven Spielberg",
      "cast": ["Tom Hanks", "Matt Damon"],
      "plot": "Following the Normandy Landings, a group of U.S. soldiers go behind enemy lines...",
      "poster": "https://encrypted-tbn0.gstatic.com/images?q=tbn:ANd9GcRJLYuU9ffyfvmTAfEsn3qXqryrqVCCKXWgRg&s",
      "runtime": 169
    },
    {
      "id": 13,
      "title": "The Prestige",
      "year": 2006,
      "genre": ["Drama", "Mystery", "Sci-Fi"],
      "rating": 8.5,
      "director": "Christopher Nolan",
      "cast": ["Christian Bale", "Hugh Jackman"],
      "plot": "After a tragic accident, two magicians engage in a battle to create the ultimate illusion...",
      "poster": "https://www.posterized.in/cdn/shop/files/ThePrestige.jpg?v=1736618590",
      "runtime": 130
    },
    {
      "id": 14,
      "title": "Whiplash",
      "year": 2014,
      "genre": ["Drama", "Music"],
      "rating": 8.5,
      "director": "Damien Chazelle",
      "cast": ["Miles Teller", "J.K. Simmons"],
      "plot": "A promising young drummer enrolls at a cut-throat music conservatory...",
      "poster": "https://miro.medium.com/v2/resize:fit:1200/1*HygtAUSg3MqQjimu0MQy3Q.jpeg",
      "runtime": 106
    },
    {
      "id": 15,
      "title": "Django Unchained",
      "year": 2012,
      "genre": ["Drama", "Western"],
      "rating": 8.4,
      "director": "Quentin Tarantino",
      "cast": ["Jamie Foxx", "Christoph Waltz"],
      "plot": "With the help of a German bounty-hunter, a freed slave sets out to rescue his wife...",
      "poster": "https://m.media-amazon.com/images/S/pv-target-images/ebb04886027f29c7a0ed1c4108ed48afaecfff9760c72e960b0ff6c5039eb88d.jpg",
      "runtime": 165
    }
  ]
  